Temperature,Humidity,PM2.5,PM10,NO2,SO2,CO,Proximity_to_Industrial_Areas,Population_Density,Air Quality
30.3,86.7,6.2,30.2,36.5,17.8,2.31,2.9,465,Hazardous
41.1,86.1,15.8,34.3,34.9,17.5,1.88,5.0,716,Poor
26.7,41.7,13.2,18.9,18.9,6.3,0.9,12.3,550,Good
30.6,92.3,14.2,30.6,22.4,14.4,1.6,5.6,574,Moderate
36.8,79.1,1.7,14.1,37.1,19.1,2.17,4.0,659,Poor
27.0,45.8,1.7,6.0,13.0,6.9,0.92,10.9,233,Good
33.0,79.3,57.4,78.2,34.4,25.3,2.58,3.4,692,Hazardous
22.3,53.5,2.1,7.7,16.1,3.8,1.1,10.0,263,Good
34.2,51.9,4.1,11.6,14.5,5.4,1.17,10.2,421,Good
28.8,49.0,0.4,9.3,35.2,7.3,1.43,5.4,553,Moderate
26.2,57.2,3.9,3.9,20.0,3.9,0.94,14.9,290,Good
23.6,60.7,2.9,6.9,15.8,3.0,1.09,12.4,506,Good
38.4,99.1,31.0,52.7,32.7,18.1,2.13,4.7,646,Poor
38.5,55.8,12.3,32.1,24.8,9.4,1.75,5.6,312,Moderate
32.6,59.4,7.2,21.8,31.3,8.6,1.44,16.2,363,Moderate
25.1,57.2,11.5,16.7,13.4,3.6,0.88,10.8,548,Good
47.3,64.8,2.5,21.8,41.0,17.3,1.95,2.6,779,Hazardous
34.7,75.8,2.7,6.4,33.2,6.3,1.5,7.8,335,Moderate
23.9,70.2,4.1,6.0,24.0,1.8,1.03,12.2,458,Good
39.3,74.8,28.1,49.3,33.0,21.3,1.84,3.8,730,Poor
23.5,62.3,6.9,13.9,18.3,4.1,0.92,11.4,196,Good
25.0,82.2,34.6,40.2,10.8,10.3,1.01,14.2,608,Good
26.7,61.6,12.9,21.1,20.3,7.5,0.99,10.7,577,Good
21.6,50.7,1.5,4.0,11.7,2.3,0.94,12.0,452,Good
29.1,52.3,15.2,32.4,25.4,8.8,1.47,6.4,663,Moderate
27.8,76.1,1.9,10.1,39.1,4.5,1.97,5.6,479,Moderate
23.4,68.9,14.2,18.2,18.4,6.7,0.93,10.7,265,Good
31.4,73.5,3.8,11.4,30.4,2.5,1.69,8.8,618,Moderate
21.4,67.9,10.9,13.7,16.1,5.8,1.02,12.7,241,Good
39.8,88.8,39.5,50.1,18.8,6.9,1.38,6.0,418,Moderate
29.2,60.4,20.9,32.5,34.9,4.5,2.0,8.1,406,Moderate
23.4,77.4,25.1,28.6,26.1,5.7,1.09,12.0,201,Good
21.5,79.0,2.7,8.6,24.2,5.2,1.0,10.3,282,Good
23.7,52.4,0.3,4.5,18.7,6.3,1.04,10.7,313,Good
46.4,102.3,11.9,21.2,35.9,15.2,2.91,6.0,776,Hazardous
22.8,66.7,21.5,34.5,29.1,7.5,1.74,5.3,346,Moderate
29.5,77.2,27.9,44.4,26.3,23.1,1.68,7.7,586,Poor
33.7,102.4,36.7,64.5,31.5,12.3,1.57,4.1,722,Poor
27.7,51.1,16.1,20.2,26.0,6.0,0.99,10.6,562,Good
23.4,65.6,8.9,10.0,27.0,6.3,1.03,10.5,322,Good
31.7,51.8,30.9,45.9,21.7,7.4,1.08,6.9,460,Moderate
25.6,79.9,2.3,5.6,22.3,7.1,0.87,10.5,516,Good
38.0,70.6,100.0,117.5,32.4,7.0,2.4,4.1,477,Poor
34.2,67.0,12.5,24.2,23.8,6.9,1.51,5.6,518,Moderate
36.7,75.1,19.7,40.7,38.1,26.6,2.67,11.5,875,Hazardous
30.0,78.1,38.4,55.7,30.8,16.4,1.45,5.9,739,Poor
22.6,72.0,40.4,46.2,14.6,4.5,1.04,14.8,270,Good
26.8,91.1,16.6,21.3,25.8,6.4,1.72,7.7,571,Moderate
25.3,75.6,2.8,5.9,23.8,6.4,1.12,10.1,299,Good
30.2,96.8,47.1,76.3,34.5,18.7,2.86,5.8,582,Hazardous
33.3,82.6,1.2,5.6,30.1,5.9,1.32,5.9,310,Moderate
20.2,65.4,6.2,13.1,26.1,8.5,0.94,11.0,338,Good
39.0,92.4,1.7,3.6,31.7,4.8,1.19,7.0,428,Moderate
22.2,66.7,1.6,8.2,14.1,7.8,0.99,10.4,544,Good
23.8,77.4,5.1,10.1,13.0,7.9,0.84,10.1,315,Good
18.0,44.7,18.5,22.8,21.2,9.6,0.99,16.0,470,Good
31.4,93.4,11.6,27.1,19.2,16.0,1.77,8.7,383,Moderate
17.8,84.3,7.5,23.0,27.7,7.9,1.35,7.5,315,Moderate
28.7,55.1,20.5,23.6,17.3,2.6,0.86,11.9,347,Good
28.2,61.2,1.2,10.9,22.7,7.1,1.86,8.6,501,Moderate
25.6,57.4,2.2,6.4,12.2,5.0,1.19,18.9,392,Good
36.4,80.3,103.0,106.4,26.5,22.3,2.38,3.7,844,Hazardous
33.7,83.7,12.7,18.9,36.0,15.0,2.56,4.6,679,Poor
29.6,76.1,31.0,48.7,51.2,9.3,2.7,2.9,788,Hazardous
39.8,82.0,14.1,22.2,32.7,12.8,1.26,5.3,457,Moderate
37.1,47.9,18.1,26.7,20.4,14.7,1.53,10.3,467,Moderate
28.5,47.7,0.0,5.3,26.2,2.6,1.13,12.2,474,Good
28.3,72.7,56.8,70.2,34.4,10.3,1.75,5.1,486,Poor
28.7,53.9,18.3,20.4,25.7,7.5,0.98,11.2,406,Good
31.2,72.8,2.2,11.3,25.6,12.6,1.88,3.9,432,Poor
25.7,51.6,17.3,20.6,16.9,7.5,1.07,10.7,454,Good
36.8,69.6,21.8,35.1,36.0,4.3,2.45,4.8,729,Poor
42.1,74.2,0.7,16.8,32.9,31.7,2.73,3.3,526,Hazardous
24.9,64.4,10.9,15.2,14.0,4.4,1.12,10.5,354,Good
29.5,69.8,5.9,21.1,27.6,18.9,1.82,3.6,694,Poor
35.9,77.2,14.9,21.1,29.4,12.3,1.5,5.4,489,Moderate
27.3,76.4,11.8,20.4,12.9,6.9,1.04,12.7,468,Good
22.9,51.6,3.3,7.0,12.3,5.8,0.88,12.0,349,Good
28.0,65.1,3.5,5.2,18.7,7.9,0.9,10.7,458,Good
44.2,63.5,120.8,137.5,38.7,22.6,1.41,3.4,707,Poor
26.3,62.2,26.1,32.7,19.9,8.3,1.09,10.3,259,Good
32.8,53.2,8.1,24.5,26.3,11.2,1.61,5.4,363,Moderate
42.7,70.1,123.7,128.1,28.7,2.4,1.89,4.2,765,Poor
22.9,64.5,2.3,8.8,11.3,7.2,1.13,11.2,361,Good
28.2,74.4,3.0,9.7,15.6,3.1,1.01,13.2,419,Good
29.0,85.7,28.2,39.8,25.4,4.5,1.62,5.1,699,Moderate
27.5,61.0,41.9,58.8,26.0,12.0,1.6,5.6,488,Moderate
26.7,41.8,1.5,6.5,25.5,2.5,1.07,10.5,303,Good
21.4,49.2,5.4,12.6,20.1,4.1,1.08,14.5,351,Good
25.8,78.2,14.0,20.2,23.3,6.6,1.01,18.8,576,Good
24.1,39.7,9.6,14.8,23.9,4.6,0.92,13.4,350,Good
25.6,51.5,35.5,40.7,32.2,-1.7,1.35,7.3,378,Moderate
30.4,77.0,10.0,14.8,15.5,3.1,0.9,10.1,386,Good
41.4,74.5,12.0,37.6,46.8,13.8,3.61,4.3,632,Hazardous
34.1,79.9,42.9,48.9,41.9,20.4,2.03,4.8,515,Poor
27.7,79.4,10.8,16.8,14.0,7.7,0.92,10.3,348,Good
27.0,54.6,3.7,10.1,15.1,3.1,0.85,15.9,312,Good
26.2,51.9,9.4,13.7,22.5,4.9,1.01,10.1,449,Good
32.3,78.2,25.8,39.1,31.5,7.0,1.5,5.2,380,Moderate
22.5,58.3,25.8,32.3,26.9,3.3,0.97,10.3,501,Good
30.2,72.3,13.7,22.2,29.8,10.1,1.74,9.7,555,Poor
40.8,82.2,2.4,14.3,29.8,10.6,1.04,5.1,481,Moderate
25.6,57.7,10.0,15.8,22.1,2.5,0.98,15.4,470,Good
33.9,63.5,55.1,78.8,41.8,18.9,1.99,3.6,454,Poor
30.3,69.4,41.8,51.2,22.5,5.8,1.57,6.1,434,Moderate
26.8,55.2,3.6,8.0,20.7,5.6,0.76,12.2,575,Good
37.7,93.3,115.9,145.3,33.2,16.2,2.0,8.2,374,Poor
31.1,67.6,2.2,5.5,11.3,0.8,1.12,10.8,344,Good
27.5,92.0,8.2,20.7,31.2,10.1,1.42,10.2,350,Moderate
30.5,58.2,11.8,24.8,22.9,15.9,1.52,5.1,431,Moderate
34.7,54.2,64.0,74.2,18.1,13.7,1.57,9.6,592,Moderate
32.2,58.7,5.0,15.0,33.9,7.3,1.64,6.8,516,Moderate
39.3,59.7,78.3,94.6,42.2,17.3,2.19,3.5,582,Poor
22.4,52.4,2.8,11.1,19.1,6.3,0.83,10.3,339,Good
26.2,60.3,19.1,22.0,15.0,5.1,0.84,13.5,466,Good
23.2,40.5,3.0,6.5,21.1,6.4,0.94,11.4,337,Good
30.3,88.5,23.4,35.8,19.3,6.5,1.37,6.9,737,Moderate
19.7,73.8,1.4,6.7,20.1,4.3,1.1,14.2,532,Good
30.8,84.4,34.2,50.3,27.8,16.1,1.3,5.1,416,Moderate
27.8,42.0,20.7,24.5,18.2,2.9,0.89,13.2,253,Good
22.9,67.6,4.0,9.7,24.3,5.6,0.9,13.6,422,Good
35.4,51.9,48.4,53.0,21.0,10.4,1.53,6.6,628,Moderate
24.1,52.5,8.2,9.5,22.3,3.5,0.82,11.5,511,Good
33.0,101.7,26.9,27.1,39.6,14.3,2.87,10.1,908,Hazardous
21.5,72.6,4.5,9.5,22.4,4.7,0.98,12.5,391,Good
33.2,76.6,6.9,23.1,31.0,17.1,2.06,4.8,804,Poor
35.5,100.3,3.2,22.2,38.7,16.2,1.74,7.9,717,Poor
42.5,100.6,38.5,52.1,41.3,32.1,2.45,3.0,592,Hazardous
26.3,83.1,29.7,48.0,33.0,8.2,1.56,6.0,579,Moderate
35.1,80.8,47.6,59.2,27.1,12.9,1.49,6.4,611,Moderate
25.5,59.6,5.6,12.0,11.6,7.6,1.01,12.4,582,Good
29.3,44.4,1.4,5.7,14.4,2.3,0.98,10.1,284,Good
28.6,78.6,56.8,66.2,24.5,12.1,1.12,5.6,340,Moderate
26.0,45.3,5.3,12.4,27.4,7.2,0.78,18.9,546,Good
24.4,48.1,14.8,19.8,24.5,4.3,0.87,12.0,381,Good
29.5,79.8,12.8,29.8,33.2,13.3,1.1,5.9,389,Moderate
18.9,43.7,3.3,12.7,25.7,5.8,1.78,5.4,432,Moderate
22.8,81.2,13.0,18.9,18.5,6.8,1.04,15.0,215,Good
32.6,61.2,66.7,75.0,20.2,7.4,1.86,6.3,639,Moderate
24.9,82.2,19.5,27.9,25.6,2.0,1.54,8.1,458,Moderate
24.3,62.5,1.1,9.6,20.8,7.0,1.08,10.9,567,Good
44.0,84.1,39.5,73.0,38.9,12.9,2.48,4.0,530,Hazardous
25.5,73.0,11.6,16.3,11.2,3.0,1.06,11.4,494,Good
23.1,63.6,9.9,15.5,18.1,3.9,0.98,15.0,205,Good
35.7,91.0,49.9,50.3,19.0,15.4,1.94,4.2,539,Poor
22.5,59.8,0.7,12.6,30.5,5.2,1.37,8.8,718,Moderate
17.2,75.7,22.8,29.4,23.7,2.3,1.11,10.7,389,Good
34.0,90.1,34.4,40.7,35.8,6.2,1.42,8.8,510,Moderate
23.8,44.4,7.5,11.9,23.1,3.1,0.9,11.5,602,Good
28.0,83.9,20.9,37.3,21.3,11.1,1.56,5.7,442,Moderate
24.0,60.3,1.5,8.1,22.2,6.0,1.14,11.1,301,Good
29.5,83.3,4.7,22.7,35.9,14.7,2.97,5.2,631,Poor
29.9,82.5,12.0,25.6,37.5,11.2,1.63,3.8,597,Poor
28.2,90.6,17.2,27.5,32.3,17.4,2.07,9.1,680,Poor
24.0,75.7,1.6,5.8,24.7,2.3,1.08,11.0,355,Good
38.7,71.9,5.4,31.0,50.3,15.6,2.81,6.4,503,Hazardous
34.3,78.8,2.4,14.6,34.4,9.2,1.79,4.3,681,Poor
24.4,56.1,3.7,13.4,27.5,7.4,1.85,8.1,382,Moderate
26.8,42.1,5.4,11.7,20.1,4.5,0.85,13.1,276,Good
26.0,38.6,16.6,22.7,22.0,2.8,1.22,12.9,389,Good
30.1,72.0,14.4,19.7,22.7,10.7,1.46,6.4,372,Moderate
22.1,75.2,3.2,8.8,14.8,3.6,1.03,15.2,424,Good
38.5,81.3,43.9,52.4,39.8,8.6,1.55,3.5,670,Poor
24.7,59.9,2.4,8.0,23.1,6.9,1.06,11.4,356,Good
26.1,63.1,15.8,19.1,22.7,4.6,0.89,10.5,249,Good
39.8,63.6,5.0,19.4,25.1,7.4,2.27,4.5,681,Poor
40.4,92.4,92.0,112.9,42.2,26.4,2.32,3.7,633,Hazardous
32.4,95.7,0.7,5.8,43.0,21.2,1.87,3.9,525,Poor
39.2,111.2,25.7,46.9,45.6,25.2,2.25,4.5,692,Hazardous
21.5,83.1,19.3,25.4,12.9,3.2,1.13,10.5,335,Good
23.2,39.6,0.8,7.3,21.7,5.8,0.91,10.9,438,Good
23.0,76.7,4.3,12.0,18.3,0.7,1.07,12.9,270,Good
24.6,84.2,5.2,19.2,22.5,9.0,1.48,7.3,623,Moderate
36.1,69.4,8.3,18.9,21.2,16.6,1.1,5.1,602,Moderate
29.0,64.4,23.5,23.1,35.1,17.3,2.13,5.0,560,Poor
26.4,75.1,3.5,8.5,25.1,2.1,0.96,13.4,543,Good
38.3,86.8,38.0,50.8,22.5,7.1,1.41,5.4,311,Moderate
33.5,58.9,12.1,29.4,49.8,16.7,2.02,3.1,678,Hazardous
24.8,46.4,0.7,5.7,15.7,4.7,0.98,10.5,523,Good
27.1,81.7,14.9,19.8,19.1,5.5,0.92,11.9,242,Good
40.0,88.7,29.3,46.0,45.1,20.7,2.03,3.2,821,Hazardous
29.8,58.4,27.3,33.4,12.1,8.3,0.9,10.7,410,Good
26.2,56.5,20.4,28.2,14.2,-0.4,0.88,12.4,427,Good
49.1,93.0,57.2,85.2,36.9,22.3,2.77,3.6,623,Hazardous
35.0,82.9,27.4,32.6,25.5,7.6,1.5,7.2,344,Moderate
40.9,75.9,80.5,74.7,34.0,27.4,3.48,3.5,805,Hazardous
37.1,100.9,3.5,19.9,46.0,18.4,2.08,6.6,473,Poor
28.2,65.2,30.0,40.9,15.7,9.2,1.5,5.4,541,Moderate
28.1,91.6,6.4,13.5,37.9,10.0,1.26,7.2,331,Moderate
42.6,92.1,2.9,12.8,34.5,12.0,2.06,6.8,562,Poor
23.0,44.6,23.1,28.1,16.2,9.0,0.95,10.0,437,Good
18.8,76.1,14.9,21.5,14.5,3.8,0.86,11.1,342,Good
37.8,97.2,0.6,24.6,37.1,11.7,1.13,7.7,803,Poor
33.9,75.6,9.0,20.9,32.1,20.4,2.36,3.4,511,Poor
25.2,60.1,1.1,2.4,14.7,6.1,1.04,12.2,384,Good
27.2,75.6,13.5,21.6,27.1,16.2,1.77,5.5,396,Moderate
31.6,74.8,28.5,45.8,25.4,16.3,2.29,4.7,782,Poor
28.3,75.6,2.3,12.2,30.8,9.7,1.64,6.0,611,Moderate
28.9,91.1,12.3,22.6,29.5,6.3,1.21,6.3,351,Moderate
28.8,76.6,17.2,34.6,27.9,6.5,1.44,5.4,405,Moderate
29.3,79.8,3.9,13.9,21.9,6.4,1.72,7.0,337,Moderate
29.4,91.6,30.7,43.7,31.1,5.4,1.67,7.6,565,Moderate
25.6,66.0,0.8,6.7,16.0,7.0,0.84,11.7,431,Good
26.2,60.3,13.4,17.3,26.7,7.0,1.23,10.9,308,Good
26.2,80.8,10.2,16.3,13.9,3.2,0.86,12.0,328,Good
28.2,62.7,0.1,7.5,17.4,4.7,0.87,12.0,528,Good
20.1,47.4,1.8,4.3,24.1,5.8,0.89,11.4,551,Good
33.9,94.5,8.9,15.1,33.2,11.7,1.89,4.3,680,Poor
25.1,43.3,23.0,28.6,24.2,3.9,1.01,16.0,392,Good
27.7,62.4,0.2,4.6,15.3,5.7,1.06,13.3,239,Good
21.8,73.5,11.6,14.8,24.2,5.9,0.96,10.8,463,Good
47.3,88.4,104.9,127.4,44.6,21.7,2.71,8.2,648,Hazardous
35.1,51.8,4.7,14.9,14.8,10.5,1.25,6.8,352,Moderate
29.9,60.8,88.5,93.5,16.5,4.9,1.7,7.1,454,Moderate
22.8,92.7,22.5,44.6,27.9,26.1,2.32,4.3,732,Poor
32.2,58.5,2.2,19.5,27.8,7.9,1.77,7.8,356,Moderate
30.4,98.7,21.6,29.6,35.1,12.7,2.13,4.0,625,Poor
20.3,56.2,21.8,28.8,18.9,2.7,0.96,10.2,335,Good
29.2,65.3,30.6,34.2,22.6,6.0,1.11,16.0,334,Good
32.1,100.8,51.2,69.4,48.2,17.7,2.37,2.6,796,Hazardous
33.3,70.1,55.1,72.7,40.5,30.7,2.12,4.9,612,Hazardous
37.5,49.5,9.5,14.9,21.7,7.3,1.64,5.4,654,Moderate
25.6,68.2,8.0,21.8,27.9,9.9,1.6,5.2,579,Moderate
31.2,63.7,24.8,34.8,28.0,5.7,1.43,7.3,616,Moderate
22.2,60.1,19.6,22.5,17.6,7.5,0.97,12.1,558,Good
29.1,77.1,61.8,76.5,28.5,8.4,1.71,5.7,591,Moderate
30.2,62.7,3.8,11.4,13.6,7.5,1.02,15.0,270,Good
23.8,67.9,15.3,19.2,25.0,5.1,0.97,10.0,366,Good
25.9,56.0,36.7,38.0,14.4,6.7,1.0,10.4,572,Good
31.0,80.4,3.3,13.9,29.6,7.1,1.31,7.1,353,Moderate
29.6,54.4,9.0,12.0,14.3,5.1,1.08,11.1,438,Good
22.3,65.4,4.8,6.2,24.6,5.7,1.11,17.6,395,Good
29.0,39.7,8.9,16.2,26.2,4.2,0.97,15.0,250,Good
42.5,108.2,109.2,116.8,43.5,21.2,2.07,4.6,741,Hazardous
26.0,86.8,85.4,95.8,24.8,3.9,1.23,5.4,481,Moderate
20.7,66.4,26.3,29.6,23.2,0.8,0.98,14.4,520,Good
37.6,80.6,8.5,17.8,25.0,15.2,1.65,4.1,768,Poor
28.7,63.9,13.5,25.3,16.2,10.9,1.17,6.3,478,Moderate
29.9,86.3,8.3,19.9,21.0,7.9,1.44,9.1,487,Moderate
31.5,53.9,2.5,10.8,29.9,12.7,1.58,5.3,395,Moderate
22.5,67.5,4.9,8.1,24.6,3.6,0.97,14.2,471,Good
24.6,49.7,25.1,26.5,16.4,7.9,1.22,11.2,236,Good
37.0,80.1,35.2,49.4,41.1,21.2,1.84,5.3,469,Poor
26.1,54.5,1.5,5.8,17.2,3.1,0.98,17.9,327,Good
26.8,91.8,5.1,10.5,28.3,7.2,1.31,9.6,376,Moderate
20.1,54.3,10.1,12.2,27.1,0.6,1.12,10.1,474,Good
35.1,95.2,39.8,74.7,43.3,30.7,2.55,5.2,610,Hazardous
17.7,75.2,3.5,8.0,18.6,2.0,1.04,13.0,593,Good
41.6,100.7,156.7,166.2,38.7,24.5,1.96,2.8,888,Hazardous
55.9,87.8,33.9,52.7,28.6,17.5,2.51,2.9,834,Hazardous
41.7,93.9,8.3,22.4,36.1,22.3,2.06,3.8,497,Poor
22.6,75.1,0.1,5.2,11.7,7.7,0.94,11.4,264,Good
34.9,51.8,31.4,40.1,19.6,12.0,1.46,6.0,634,Moderate
31.5,62.0,75.4,82.5,22.7,19.2,1.55,5.9,642,Moderate
35.7,79.1,38.0,55.5,25.6,17.0,2.75,2.8,821,Hazardous
24.0,45.0,1.9,7.1,26.1,5.2,1.15,10.9,265,Good
24.0,67.8,1.3,7.0,15.6,3.0,0.98,12.1,415,Good
44.5,79.6,41.4,53.1,38.4,21.8,2.44,4.7,837,Hazardous
28.3,63.1,59.9,68.3,20.7,0.0,1.22,5.1,399,Moderate
30.6,72.7,5.2,8.5,26.0,12.3,1.1,6.1,493,Moderate
24.2,42.1,1.7,7.3,14.0,8.2,1.13,10.3,258,Good
32.2,55.9,10.8,18.0,21.9,0.5,1.59,8.5,476,Moderate
21.8,88.6,1.7,13.9,29.4,10.8,1.66,6.2,541,Moderate
26.8,50.5,3.5,7.3,12.3,4.8,1.15,12.3,262,Good
24.8,39.8,58.4,68.2,26.5,3.7,0.93,16.5,397,Good
34.3,102.4,38.8,58.4,40.4,12.8,2.09,2.7,811,Hazardous
21.6,61.6,1.1,6.8,16.2,5.9,1.01,15.6,398,Good
37.0,71.8,23.2,38.6,35.4,22.9,1.82,3.4,516,Poor
32.9,69.3,13.3,18.8,32.4,8.6,1.6,5.2,463,Moderate
22.1,54.0,10.6,15.4,13.9,8.9,1.0,10.5,265,Good
31.4,76.2,4.6,20.9,26.2,11.3,1.49,6.8,296,Moderate
24.7,71.6,26.6,34.2,24.8,3.2,1.06,10.6,596,Good
22.6,76.4,15.6,18.6,24.2,4.7,1.04,12.6,430,Good
38.8,90.1,63.2,69.5,44.7,23.5,2.35,3.5,771,Hazardous
38.8,65.2,3.4,14.3,33.0,15.2,1.76,3.9,526,Poor
24.0,39.1,5.1,14.0,14.8,2.0,1.02,10.1,242,Good
40.0,63.6,83.0,114.7,49.1,15.5,2.53,2.9,767,Hazardous
41.2,93.0,24.2,44.3,33.9,12.6,2.09,5.3,732,Poor
26.2,46.4,34.2,40.9,26.1,7.2,1.13,12.5,358,Good
32.8,90.8,3.6,15.0,33.4,25.2,1.6,4.0,643,Poor
32.7,62.6,50.5,66.6,31.5,9.2,1.26,7.1,473,Moderate
24.1,74.7,5.1,12.1,10.5,6.4,1.07,11.0,454,Good
26.5,78.9,6.3,18.5,34.9,11.6,1.95,5.0,555,Moderate
27.8,53.7,7.8,16.9,29.7,7.9,1.31,5.6,613,Moderate
21.5,65.3,13.8,19.2,12.5,5.7,1.05,11.2,230,Good
26.5,64.6,36.9,37.9,20.8,5.0,0.98,13.0,359,Good
27.7,72.3,40.7,52.1,16.5,6.3,0.98,10.1,338,Good
36.8,60.0,10.1,30.6,27.6,8.9,1.73,3.7,762,Poor
29.8,91.3,3.6,10.8,34.6,14.0,1.09,7.0,649,Moderate
19.7,47.2,3.0,11.0,12.5,5.9,1.12,24.8,259,Good
35.0,81.6,52.5,65.4,32.5,5.0,1.59,8.2,624,Moderate
25.0,50.9,4.9,11.4,23.4,2.8,1.1,13.7,196,Good
30.4,102.2,24.6,30.2,35.0,19.3,1.93,5.5,758,Poor
36.5,78.5,4.7,11.3,30.3,13.9,1.33,6.5,412,Moderate
41.5,68.2,3.4,15.4,24.5,6.4,1.38,4.8,748,Poor
33.2,92.5,20.0,35.6,37.4,6.9,1.62,4.1,655,Poor
37.2,111.3,0.2,8.8,31.9,18.5,2.12,7.7,753,Poor
26.0,71.5,31.4,34.6,21.3,3.9,0.97,12.7,463,Good
22.6,59.2,30.8,37.0,14.6,2.0,1.01,11.7,284,Good
36.1,70.2,19.1,37.6,27.8,20.7,2.21,3.9,454,Poor
34.9,57.0,10.2,23.2,21.0,5.3,1.59,8.1,612,Moderate
41.4,82.4,12.6,27.3,41.2,9.1,1.91,4.3,471,Poor
25.7,70.3,0.7,5.4,14.0,10.0,0.91,11.1,374,Good
41.4,79.4,28.4,40.4,28.0,17.8,1.15,6.4,538,Moderate
27.3,78.1,8.6,7.8,13.8,5.6,1.06,11.0,447,Good
33.5,110.4,34.0,49.8,30.4,2.6,2.06,4.2,706,Poor
29.0,65.3,3.5,6.1,8.5,2.5,1.13,14.1,319,Good
24.7,87.2,15.5,25.1,33.3,17.7,2.27,5.1,670,Poor
23.6,70.0,15.2,17.8,22.2,5.5,1.11,11.5,482,Good
25.8,68.6,18.1,26.0,25.7,5.7,0.81,10.2,351,Good
20.3,63.0,21.7,24.1,16.5,4.3,0.89,17.1,191,Good
26.3,54.7,2.0,8.2,27.9,3.4,1.05,17.0,330,Good
37.4,77.5,14.6,21.9,28.2,6.5,1.09,5.8,642,Moderate
35.5,111.3,38.0,50.8,38.4,11.3,2.09,3.2,497,Hazardous
34.4,68.6,14.6,20.6,28.4,6.4,1.36,7.2,412,Moderate
25.3,47.4,70.7,84.8,22.4,8.2,1.59,13.2,587,Moderate
24.6,89.2,4.1,16.2,32.0,2.6,1.83,3.9,480,Poor
31.3,70.5,13.7,23.4,28.6,10.6,1.69,5.9,647,Moderate
32.0,89.4,3.6,17.4,21.8,15.8,1.34,5.4,325,Moderate
33.3,73.0,7.0,23.0,24.2,6.6,1.83,9.1,734,Moderate
39.0,75.2,23.9,41.7,23.9,12.7,1.91,9.4,812,Poor
15.5,64.8,19.6,23.4,25.5,4.6,0.91,11.1,230,Good
35.5,79.5,19.1,40.9,41.3,5.0,2.0,7.0,650,Poor
33.7,54.1,5.2,15.5,34.5,6.8,1.5,5.4,367,Moderate
22.1,53.8,6.9,19.6,18.8,5.7,1.65,9.6,457,Moderate
24.0,45.3,20.8,25.7,12.9,3.6,0.77,13.4,346,Good
26.4,51.5,24.8,27.2,21.8,3.7,0.93,13.7,215,Good
28.4,57.0,5.6,11.4,23.9,4.4,0.96,11.3,370,Good
23.9,44.8,1.0,4.7,26.0,3.5,1.02,10.6,262,Good
25.2,75.4,7.6,14.2,30.4,2.9,1.46,6.0,536,Moderate
27.7,69.1,13.6,19.1,21.6,4.6,1.07,10.5,231,Good
27.1,47.0,1.2,2.7,12.5,4.8,0.96,10.4,591,Good
31.6,82.6,34.2,38.6,20.8,7.6,1.83,10.4,477,Moderate
28.0,45.1,12.5,13.4,26.1,6.5,0.94,10.3,409,Good
24.1,70.9,5.0,9.7,17.4,2.2,0.97,13.7,366,Good
29.3,67.5,1.9,5.0,12.1,4.5,1.12,11.0,576,Good
27.5,68.3,0.4,6.2,27.0,9.3,1.12,11.6,465,Good
25.9,59.9,2.4,6.1,31.7,13.9,1.47,5.8,388,Moderate
44.3,61.7,55.0,66.4,32.7,13.1,1.82,4.1,614,Poor
18.5,54.0,5.2,7.7,22.7,3.9,0.86,14.1,415,Good
23.1,43.9,5.9,8.1,20.4,5.4,1.06,11.1,564,Good
37.2,80.5,35.6,44.6,34.2,24.1,2.17,6.3,607,Poor
41.5,106.1,2.5,16.1,41.6,22.9,2.33,9.7,629,Hazardous
29.2,72.1,25.5,32.3,13.3,5.7,1.08,10.9,358,Good
20.2,40.4,3.6,13.5,20.5,5.4,1.03,11.9,475,Good
32.7,94.8,7.8,15.2,34.1,9.8,1.63,5.4,392,Moderate
31.1,68.6,32.4,43.0,22.2,14.1,2.06,3.9,417,Poor
26.0,88.4,14.3,31.1,35.1,16.7,2.26,3.9,745,Poor
45.0,76.7,15.8,21.9,45.2,24.1,2.91,11.0,808,Hazardous
34.5,78.6,20.7,37.6,26.7,14.1,2.35,4.6,702,Poor
50.1,108.2,43.1,63.3,53.7,15.2,1.94,7.6,722,Hazardous
33.0,87.8,18.1,27.3,19.4,12.2,1.78,5.2,529,Moderate
37.4,105.6,22.8,44.9,31.1,9.5,2.68,3.6,563,Poor
31.0,65.1,7.6,8.9,23.4,4.2,1.11,13.7,580,Good
32.0,78.9,22.4,29.9,27.5,11.8,1.48,7.9,444,Moderate
36.4,115.7,112.5,121.6,33.0,17.2,2.83,3.5,560,Hazardous
21.6,75.4,32.4,44.1,34.8,15.7,1.09,3.5,580,Poor
20.0,74.9,8.2,15.3,21.1,6.2,1.04,11.7,242,Good
24.7,49.4,15.5,21.2,21.7,4.8,0.94,10.6,389,Good
34.4,65.9,44.9,62.7,50.5,9.1,2.37,4.5,574,Hazardous
30.9,62.0,3.5,7.3,31.0,10.4,1.36,5.0,297,Moderate
33.3,54.3,21.3,33.9,23.6,2.9,1.35,5.2,585,Moderate
26.5,60.4,14.5,17.0,23.4,8.0,1.13,12.5,396,Good
41.4,82.2,73.6,89.8,35.1,13.3,2.84,4.1,620,Hazardous
31.5,67.6,33.4,46.2,22.8,0.7,2.07,5.4,446,Moderate
16.8,46.5,7.7,10.2,26.2,4.2,0.85,11.6,249,Good
27.0,84.3,18.2,25.4,15.5,10.9,1.08,5.5,431,Moderate
18.3,70.2,15.9,23.1,18.0,7.4,1.16,10.2,399,Good
28.6,67.5,0.2,4.9,19.0,4.5,1.04,11.4,444,Good
34.1,72.9,2.2,15.6,33.6,4.9,1.43,5.6,526,Moderate
34.4,65.1,48.4,58.5,29.6,7.8,1.27,7.1,435,Moderate
36.0,70.7,69.5,78.1,29.1,16.2,2.28,7.2,420,Poor
31.8,90.8,11.0,19.1,35.1,8.3,2.1,4.2,513,Poor
21.4,60.3,17.6,22.3,15.8,5.7,0.98,11.6,284,Good
33.2,88.1,7.0,16.1,29.8,11.1,1.45,5.1,332,Moderate
26.6,56.1,1.6,4.6,23.2,4.4,0.87,10.2,322,Good
31.8,60.1,14.6,27.5,23.3,10.9,1.31,7.9,679,Moderate
24.2,80.6,21.4,29.9,24.5,9.9,1.82,5.9,334,Moderate
27.2,53.8,37.7,44.2,18.2,4.6,0.89,13.7,197,Good
21.7,67.5,35.7,42.5,16.0,4.5,1.16,10.1,231,Good
23.3,81.8,27.0,34.6,33.4,14.0,1.65,5.3,505,Moderate
26.4,52.6,4.7,12.5,24.1,5.6,0.91,10.4,500,Good
35.8,87.2,5.2,15.7,45.1,23.3,1.63,4.7,809,Poor
24.5,70.4,2.2,9.0,10.9,5.1,0.94,14.6,228,Good
34.5,60.1,18.8,26.3,27.4,15.4,1.65,5.1,616,Moderate
27.2,46.3,14.8,18.8,19.7,7.3,1.05,10.8,496,Good
21.2,55.0,8.5,13.5,15.8,7.1,1.04,13.0,503,Good
24.6,76.2,19.7,25.0,20.5,9.2,0.95,10.3,400,Good
43.0,64.7,12.3,21.3,29.6,6.6,1.72,7.1,619,Moderate
32.4,62.9,7.7,19.6,28.3,6.7,1.38,9.9,562,Moderate
28.5,87.8,6.0,15.5,35.2,13.1,1.14,5.0,610,Moderate
32.9,63.1,12.1,17.5,24.7,12.3,1.57,5.1,467,Moderate
41.0,67.4,11.3,26.7,28.3,21.9,2.04,5.5,493,Poor
32.3,77.3,28.8,54.3,21.8,11.2,2.21,5.0,478,Poor
28.3,39.7,52.1,56.7,28.9,0.6,0.99,15.1,384,Good
34.5,105.1,7.5,31.7,54.9,18.4,2.99,5.2,561,Hazardous
26.3,69.2,84.0,93.8,21.7,4.8,1.46,6.5,404,Moderate
40.0,68.1,31.6,45.7,38.1,14.4,2.17,4.0,596,Poor
23.4,50.1,17.0,23.4,28.5,10.6,0.89,10.2,200,Good
31.0,57.1,22.1,27.2,35.5,8.1,1.54,8.5,713,Moderate
18.4,60.6,3.0,8.4,16.6,7.3,1.04,10.2,444,Good
39.7,85.9,67.6,88.8,21.3,22.3,1.9,4.5,616,Poor
31.9,73.3,11.1,21.8,15.1,7.2,1.54,7.4,543,Moderate
39.6,96.2,47.1,65.4,35.8,17.1,2.03,5.2,661,Poor
35.7,82.0,40.5,57.9,25.3,13.6,2.14,7.7,614,Poor
31.8,78.6,104.1,114.7,51.4,20.6,2.64,7.5,853,Hazardous
28.2,71.7,75.2,90.0,30.8,5.0,1.81,4.8,765,Poor
34.4,86.5,52.9,63.7,25.5,8.0,1.78,7.6,375,Moderate
47.0,66.5,44.2,78.1,46.5,20.9,1.91,5.4,673,Hazardous
26.7,68.4,2.8,10.4,24.4,2.3,1.12,11.6,545,Good
47.0,63.5,82.5,101.4,41.3,24.7,2.46,2.9,582,Hazardous
30.1,86.2,18.7,27.7,33.4,9.3,1.57,5.0,479,Moderate
26.4,76.0,16.0,32.9,31.8,10.6,2.15,4.8,548,Poor
25.1,71.1,7.3,11.3,17.9,4.8,1.0,13.4,283,Good
29.2,77.7,35.4,36.1,37.1,17.9,2.24,6.6,571,Poor
29.2,54.5,15.8,18.0,12.2,6.4,1.15,13.2,498,Good
57.2,80.2,47.4,56.9,43.2,24.8,2.26,3.0,876,Hazardous
49.8,79.3,40.0,59.0,19.9,19.0,2.41,4.1,829,Hazardous
25.2,90.6,16.8,27.6,20.8,16.1,1.39,5.0,381,Moderate
40.6,74.1,116.0,126.7,45.5,25.7,2.11,2.8,765,Hazardous
34.1,67.9,40.1,47.1,34.6,1.0,1.72,9.5,462,Moderate
30.1,71.8,6.7,24.3,28.7,12.4,1.34,6.9,571,Moderate
26.8,66.2,4.6,10.8,18.0,3.5,0.96,12.9,422,Good
36.3,88.7,13.5,25.7,29.9,6.7,2.02,4.8,739,Poor
26.4,74.6,73.9,86.5,24.4,7.0,1.65,5.1,603,Moderate
29.2,54.0,2.5,8.7,27.7,10.5,1.4,5.7,327,Moderate
32.0,71.7,7.6,19.2,22.9,10.4,1.28,5.4,560,Moderate
35.4,120.5,47.7,61.2,49.3,24.2,2.36,5.2,662,Hazardous
35.0,80.4,6.7,30.2,48.4,14.5,1.96,5.2,747,Poor
30.1,72.9,0.0,5.9,26.5,8.1,1.21,13.0,569,Moderate
27.2,82.5,18.7,37.1,32.5,14.5,1.96,4.5,544,Poor
34.1,61.4,6.8,16.3,41.3,15.3,1.57,7.3,624,Moderate
32.2,66.6,8.3,19.7,23.5,13.2,1.08,5.6,382,Moderate
23.2,40.3,2.3,8.9,19.5,5.7,0.89,11.1,255,Good
29.6,54.1,9.8,20.3,28.7,15.3,1.39,9.8,690,Moderate
27.3,74.8,10.3,10.9,14.2,6.3,1.04,18.7,577,Good
27.5,56.7,7.0,15.8,18.5,0.8,1.09,18.1,406,Good
19.4,54.5,15.7,33.5,19.9,11.7,1.79,5.3,362,Moderate
23.4,72.5,12.1,19.8,18.6,4.4,1.01,18.2,578,Good
33.1,84.4,3.7,9.5,17.2,8.9,1.61,5.7,504,Moderate
27.8,85.9,24.2,35.3,28.1,8.0,1.31,8.5,497,Moderate
25.6,52.6,1.9,3.6,13.5,6.2,1.07,11.4,492,Good
51.3,58.0,31.2,48.3,34.3,11.5,3.32,2.6,538,Hazardous
22.2,61.2,2.4,5.8,21.6,3.8,1.13,11.5,459,Good
33.3,94.3,37.2,41.0,35.3,11.8,2.33,8.5,770,Poor
24.0,79.3,6.2,13.3,22.0,6.6,0.9,10.5,579,Good
31.2,60.4,2.5,5.5,22.1,15.1,2.06,3.6,732,Poor
34.1,90.5,14.3,17.4,19.6,6.4,1.59,7.0,494,Moderate
30.0,67.1,2.2,7.8,39.2,17.0,2.0,5.2,793,Poor
28.2,86.1,47.1,62.3,36.7,11.3,1.81,7.5,551,Poor
33.4,76.3,3.2,7.9,23.7,3.8,1.89,8.2,388,Moderate
30.1,51.5,9.4,14.9,13.8,2.0,0.97,10.2,240,Good
45.8,124.7,38.3,42.9,40.7,44.9,2.01,4.9,829,Hazardous
24.8,76.1,0.8,9.4,15.0,1.9,0.86,10.8,458,Good
26.8,76.2,48.1,54.3,24.5,4.6,1.58,7.5,451,Moderate
27.4,57.4,2.5,17.0,35.5,10.3,1.63,6.1,365,Moderate
40.0,84.5,41.1,57.1,41.8,16.9,1.83,5.4,578,Poor
24.0,68.7,18.6,31.1,30.6,7.3,1.44,6.0,588,Moderate
30.6,72.5,7.3,12.3,28.1,10.0,1.68,5.4,555,Moderate
30.3,82.2,64.0,77.0,25.2,9.1,1.16,6.1,338,Moderate
24.9,64.5,14.8,20.2,13.2,6.4,1.11,11.5,609,Good
29.2,73.0,26.4,30.5,9.3,4.1,1.14,11.2,350,Good
36.7,99.0,4.2,19.4,32.1,18.7,2.38,3.9,675,Poor
29.4,63.7,79.7,93.1,26.2,12.2,1.56,5.4,326,Moderate
20.9,68.0,3.3,8.8,21.9,4.1,1.08,10.5,538,Good
38.3,107.8,39.3,60.8,32.3,29.0,2.61,6.8,462,Hazardous
28.5,44.0,1.3,3.1,15.1,5.0,0.83,19.2,405,Good
34.3,70.1,0.5,19.9,32.1,14.8,2.04,5.0,551,Poor
29.3,64.2,18.7,27.4,32.1,10.8,1.52,6.6,392,Moderate
38.6,111.4,9.9,20.0,36.3,22.5,1.74,7.5,591,Poor
23.3,48.6,18.3,24.0,20.1,5.1,1.14,10.2,263,Good
23.6,67.8,3.9,5.1,23.3,5.0,1.01,10.4,461,Good
25.5,74.9,42.2,46.7,19.0,3.0,0.94,11.9,421,Good
28.3,76.4,23.2,25.7,21.5,10.9,2.08,6.4,501,Moderate
28.4,71.7,13.3,15.0,16.8,8.2,1.11,11.4,360,Good
26.4,64.0,25.7,31.6,32.1,12.5,1.64,10.0,589,Moderate
24.7,70.3,3.6,11.7,17.6,5.1,0.91,12.5,494,Good
22.3,73.0,0.1,8.4,20.7,3.6,1.18,10.3,471,Good
29.2,51.8,0.3,4.6,16.6,6.5,0.89,14.2,291,Good
28.8,58.0,6.3,36.4,42.2,1.9,2.43,3.5,505,Poor
20.8,61.9,3.0,9.6,14.8,8.5,1.06,11.3,491,Good
25.5,68.2,20.4,23.5,13.9,3.2,0.96,10.3,486,Good
33.7,59.5,13.7,21.5,19.6,2.3,1.02,11.7,511,Good
54.6,90.7,48.9,62.9,30.1,11.5,2.74,3.7,617,Hazardous
37.9,84.7,8.4,38.0,48.7,3.4,2.05,3.8,729,Hazardous
22.2,69.7,19.1,21.7,25.0,9.2,1.15,12.5,595,Good
32.1,73.6,39.4,54.8,39.5,6.8,2.0,4.2,493,Poor
21.2,59.5,6.5,9.8,22.9,5.0,1.09,10.5,595,Good
34.5,77.7,6.2,7.1,25.6,8.9,1.71,8.1,500,Moderate
34.8,61.8,6.8,15.5,23.5,9.6,1.47,6.0,404,Moderate
27.4,51.0,7.0,16.8,26.9,4.6,1.55,11.6,436,Moderate
49.8,79.2,70.1,82.7,50.3,20.6,1.91,5.2,617,Poor
34.1,62.3,130.0,137.4,33.6,7.1,2.04,4.1,442,Poor
24.2,41.4,22.6,31.1,24.7,3.7,1.05,11.2,257,Good
43.3,69.3,6.6,19.3,34.3,11.3,1.99,4.3,500,Poor
47.3,98.9,5.5,30.3,39.6,11.2,2.56,3.0,604,Hazardous
45.4,104.0,25.0,22.8,36.7,24.0,2.5,10.5,467,Poor
35.4,84.6,34.1,42.9,23.9,9.4,1.63,9.1,629,Moderate
21.9,69.6,7.1,9.6,24.7,2.6,1.11,12.7,423,Good
33.4,86.5,169.2,194.7,48.7,4.6,2.36,6.5,737,Poor
27.1,57.1,14.0,31.6,33.8,7.6,1.91,5.2,452,Moderate
32.4,56.5,0.0,13.9,27.2,5.3,1.0,5.4,412,Moderate
31.7,72.8,9.1,18.7,25.8,6.4,1.53,5.6,549,Moderate
22.8,67.9,66.8,79.8,28.3,4.3,1.17,5.9,397,Moderate
31.3,86.0,60.5,65.1,29.3,1.7,1.68,7.8,655,Moderate
27.4,77.3,0.7,12.2,25.3,5.3,1.57,10.8,477,Moderate
33.0,79.0,1.0,23.0,37.8,19.9,1.84,6.8,651,Poor
28.4,45.1,9.7,15.9,23.0,6.5,0.99,12.6,303,Good
35.9,67.9,10.6,19.3,31.8,10.9,1.36,8.2,383,Moderate
27.2,79.2,56.0,59.4,20.1,5.0,1.94,5.7,541,Moderate
34.5,86.1,9.0,21.6,39.1,7.5,1.79,5.2,450,Moderate
37.3,68.2,4.3,20.8,40.3,20.0,2.01,5.4,681,Poor
32.9,97.0,10.0,32.7,39.7,12.4,2.24,4.3,640,Hazardous
34.7,86.9,8.1,41.3,34.5,35.7,3.35,2.7,673,Hazardous
21.9,71.4,15.0,19.3,18.2,1.6,1.0,18.8,505,Good
25.0,63.9,9.3,10.8,15.8,4.6,0.92,10.1,490,Good
29.4,85.8,90.1,94.2,30.5,10.7,1.35,5.6,366,Moderate
32.5,97.5,77.0,99.1,54.5,26.1,1.82,2.7,555,Hazardous
37.5,38.8,42.3,57.3,24.6,17.1,1.58,8.8,377,Moderate
30.6,49.5,26.5,30.3,16.7,5.6,1.02,11.4,217,Good
32.8,71.6,23.3,30.3,23.4,16.8,1.75,7.4,632,Moderate
34.0,75.2,46.0,57.2,45.5,15.4,3.34,6.3,601,Hazardous
34.2,97.3,15.2,26.6,30.9,11.0,1.74,7.1,681,Poor
24.8,47.8,37.0,40.9,19.6,6.1,0.93,14.2,557,Good
31.0,77.2,42.9,56.6,29.3,9.2,1.4,6.7,611,Moderate
25.7,67.7,43.0,52.4,22.5,7.2,1.35,6.0,415,Moderate
23.2,72.9,29.3,39.3,20.6,7.2,1.36,5.4,299,Moderate
23.9,56.6,43.9,53.1,16.5,7.1,1.13,10.8,520,Good
31.4,69.4,11.1,28.2,27.4,17.7,2.02,5.8,400,Poor
32.2,65.2,28.8,37.0,26.6,10.4,1.72,7.0,538,Moderate
40.3,66.1,11.8,21.0,43.4,15.8,2.02,6.2,824,Poor
28.0,71.0,26.7,28.4,19.4,6.0,1.07,11.1,233,Good
23.9,79.6,28.7,32.2,18.7,3.0,1.1,12.0,454,Good
30.7,50.1,23.6,44.2,28.9,12.7,1.56,6.4,659,Moderate
30.6,107.4,35.4,53.4,31.2,23.4,1.73,5.6,631,Poor
28.2,60.6,14.5,19.4,23.0,6.0,1.16,14.3,360,Good
31.4,63.1,4.3,15.6,21.9,16.4,1.45,5.9,625,Moderate
21.3,75.7,28.7,33.5,14.8,3.2,1.1,11.4,243,Good
31.5,70.3,19.9,38.8,21.8,6.3,1.95,6.3,707,Poor
32.9,84.6,4.3,1.9,29.8,3.9,1.87,4.0,723,Poor
25.8,51.5,20.0,30.5,16.5,7.4,0.9,10.6,520,Good
26.7,77.9,24.2,26.6,21.2,4.9,1.13,10.8,352,Good
30.4,103.6,17.5,40.4,24.1,-6.2,2.21,7.3,521,Poor
34.5,62.3,12.9,27.6,27.3,7.7,1.58,6.7,474,Moderate
23.1,60.0,86.4,95.6,28.8,7.9,1.11,5.5,506,Moderate
27.3,62.8,2.4,5.1,14.2,2.7,1.02,10.6,538,Good
32.9,56.0,6.0,15.9,21.0,12.3,1.78,6.4,434,Moderate
40.6,76.8,39.2,60.7,33.0,18.6,1.85,3.4,686,Poor
30.0,59.7,59.3,68.8,22.1,7.4,1.39,5.1,412,Moderate
48.9,62.0,12.2,35.7,45.4,22.7,2.27,2.7,865,Hazardous
35.6,82.5,1.8,11.9,20.6,14.6,1.63,10.1,672,Moderate
43.0,114.3,42.4,61.6,30.4,11.7,2.51,3.5,567,Hazardous
24.6,46.5,5.9,13.0,14.2,6.7,0.96,10.5,547,Good
19.2,51.9,6.3,10.6,20.9,7.7,1.1,10.1,500,Good
37.0,86.3,81.3,110.8,41.3,16.2,2.97,2.5,841,Hazardous
22.1,46.7,0.8,6.3,26.0,3.1,0.98,10.0,469,Good
30.9,74.6,24.0,28.9,23.6,7.7,1.01,10.7,217,Good
36.0,95.2,7.0,21.6,36.2,13.8,1.75,4.5,564,Poor
29.3,86.8,62.8,74.6,23.6,13.1,1.62,5.1,564,Moderate
23.5,70.8,4.6,13.3,35.7,4.8,1.45,12.5,345,Moderate
41.2,92.2,36.1,49.5,42.2,17.1,2.39,2.7,815,Hazardous
26.8,60.5,1.3,9.1,16.4,4.6,0.94,11.5,359,Good
26.2,54.4,21.0,22.0,26.8,6.1,0.88,10.4,377,Good
28.6,88.5,0.4,11.6,20.1,16.8,1.93,8.8,657,Moderate
21.9,71.1,36.9,36.2,33.3,9.6,1.67,5.6,594,Moderate
28.0,67.3,116.2,126.2,26.6,4.8,1.32,5.7,307,Moderate
31.8,83.5,29.7,38.8,25.9,9.4,1.36,5.7,588,Moderate
24.7,51.4,18.6,23.5,17.1,5.5,1.01,12.1,443,Good
37.2,65.7,1.8,20.4,45.2,14.6,1.45,5.1,506,Poor
26.2,70.8,6.5,12.7,19.0,2.6,1.01,12.2,263,Good
28.3,76.6,10.3,17.8,37.4,5.2,1.38,7.1,540,Moderate
19.5,48.2,1.0,7.4,18.7,6.8,0.92,10.7,305,Good
23.5,51.6,0.0,8.3,23.5,7.4,0.92,19.7,450,Good
25.9,71.3,2.5,4.7,13.3,3.9,1.09,15.4,229,Good
30.2,74.5,18.3,25.0,23.3,4.2,0.87,12.0,499,Good
40.1,58.4,5.0,13.4,27.5,10.3,1.91,4.7,616,Poor
24.0,64.1,21.4,27.3,22.6,5.7,0.94,10.3,296,Good
40.1,93.5,51.1,54.6,27.7,13.8,2.16,8.4,400,Poor
21.8,43.0,13.5,17.0,12.5,2.5,0.99,13.0,623,Good
29.4,72.7,24.7,28.4,12.0,2.9,1.16,12.1,204,Good
31.9,78.1,16.7,30.3,29.4,9.0,1.76,5.3,671,Moderate
20.1,64.4,1.5,8.0,14.0,7.6,0.85,10.8,512,Good
32.2,63.2,0.9,8.3,22.3,5.7,1.44,5.8,504,Moderate
30.0,86.0,8.3,20.4,21.4,10.2,1.59,7.2,733,Moderate
30.4,60.3,11.3,11.9,24.9,3.7,1.44,6.7,635,Moderate
32.5,81.1,80.1,100.2,28.8,0.5,1.92,10.1,612,Poor
36.4,58.0,18.3,23.6,30.5,13.7,1.49,5.1,363,Moderate
36.0,70.9,67.7,75.3,24.9,24.7,2.13,8.3,458,Poor
28.6,50.1,3.2,15.6,26.6,4.9,1.6,5.5,566,Moderate
28.4,76.2,16.8,28.7,30.0,8.2,1.64,5.7,644,Moderate
26.0,85.9,0.6,12.5,25.0,6.1,2.0,6.5,544,Moderate
20.2,76.5,9.5,13.9,14.3,4.4,0.89,11.1,471,Good
31.2,86.3,39.3,52.8,16.8,9.9,1.73,5.9,571,Moderate
37.6,99.5,142.3,157.1,36.3,20.8,1.82,2.8,528,Hazardous
31.2,75.5,30.5,37.8,32.7,8.6,1.79,6.0,608,Moderate
25.4,72.7,11.9,15.3,20.6,8.3,1.46,6.8,503,Moderate
44.4,70.0,7.1,19.5,23.3,11.6,1.71,5.1,762,Poor
27.5,45.3,2.8,10.1,13.7,4.1,0.82,10.6,236,Good
42.2,94.7,96.4,115.5,45.6,10.1,2.29,4.7,570,Poor
19.8,53.7,17.0,19.9,15.9,7.0,1.04,10.8,564,Good
20.6,69.0,23.2,27.0,13.6,2.4,0.92,13.1,444,Good
24.0,40.9,11.8,18.6,21.4,4.3,0.86,13.5,582,Good
35.6,75.0,29.0,41.8,32.2,11.9,1.95,5.8,748,Poor
38.4,66.6,15.2,36.5,39.2,14.5,1.86,4.2,497,Poor
22.5,41.5,0.3,7.1,17.3,3.2,1.01,11.4,212,Good
24.4,53.9,8.0,13.3,17.0,5.3,0.84,10.8,335,Good
26.9,45.3,13.9,18.6,21.4,6.7,0.76,16.1,369,Good
39.1,59.5,47.6,57.2,30.6,16.8,1.89,3.8,450,Poor
35.6,87.7,16.8,22.6,24.8,4.0,1.21,11.3,605,Moderate
29.1,65.7,1.2,5.7,25.5,5.5,0.95,11.3,576,Good
25.8,67.1,60.9,74.3,34.3,4.2,1.81,5.3,508,Moderate
24.7,70.3,3.2,11.1,23.1,6.6,0.88,10.3,593,Good
36.7,67.4,12.4,22.7,38.4,2.0,2.04,6.9,705,Poor
39.8,73.3,83.2,90.4,16.3,12.5,2.36,5.4,666,Poor
34.1,53.4,31.9,44.3,28.7,16.6,1.54,7.5,622,Moderate
23.5,74.6,0.3,6.6,16.8,3.9,1.22,13.1,491,Good
33.4,70.5,7.5,15.2,24.1,8.6,1.49,6.0,417,Moderate
25.0,38.6,18.5,25.2,14.0,4.8,1.12,11.9,499,Good
25.2,57.1,15.7,21.6,24.4,3.9,1.01,10.2,261,Good
34.0,75.9,10.0,18.0,30.4,5.2,1.57,5.2,356,Moderate
23.8,48.8,19.9,25.8,26.2,5.6,0.83,10.4,403,Good
33.8,81.1,7.3,21.3,38.8,22.0,2.35,6.3,693,Poor
22.3,40.5,2.6,7.1,23.8,4.4,0.85,13.1,549,Good
32.3,75.4,81.6,111.5,35.8,17.3,1.84,4.5,454,Poor
27.8,79.0,72.5,89.7,30.3,6.2,1.81,5.2,432,Moderate
28.6,81.6,7.6,14.1,12.0,3.7,0.92,10.3,524,Good
26.2,79.1,28.3,31.9,21.7,7.6,0.93,11.1,230,Good
43.1,116.3,104.3,136.6,36.6,15.8,3.72,5.4,688,Hazardous
24.0,55.5,4.1,5.7,12.7,4.3,0.89,13.9,545,Good
21.9,67.3,12.2,16.1,24.1,4.8,0.92,10.3,244,Good
29.8,80.8,10.4,14.9,17.1,-0.4,1.53,5.7,502,Moderate
36.9,98.2,23.7,42.8,32.2,19.1,2.15,6.5,493,Poor
33.6,79.4,18.1,32.1,31.7,15.3,1.86,6.1,691,Poor
23.8,61.3,3.1,4.7,25.4,7.9,1.06,12.5,238,Good
25.3,49.4,19.5,32.0,24.9,7.2,1.73,5.8,426,Moderate
30.8,85.5,18.6,44.4,31.0,8.1,2.25,4.0,770,Poor
32.8,81.0,13.6,22.2,35.2,7.3,1.31,9.1,534,Moderate
28.1,81.5,0.4,11.7,27.2,10.0,1.7,5.1,530,Moderate
29.4,68.8,22.8,25.4,14.3,5.7,1.07,12.2,358,Good
30.1,80.4,65.3,77.1,36.8,16.4,1.71,4.9,597,Poor
31.7,106.5,14.7,21.2,33.0,18.0,1.98,4.1,661,Poor
46.3,91.0,27.0,51.7,37.3,20.2,2.14,4.1,624,Hazardous
38.3,103.6,12.4,27.7,25.4,11.0,1.87,3.8,441,Poor
35.8,60.1,2.9,13.9,22.2,14.5,1.59,7.7,661,Moderate
20.6,78.2,6.5,21.6,41.6,7.4,2.71,4.8,721,Hazardous
27.8,86.2,4.0,17.4,22.2,11.0,1.57,5.3,662,Moderate
32.4,56.0,3.3,15.6,28.8,6.5,1.49,7.6,506,Moderate
31.4,79.4,55.7,62.7,24.1,11.5,1.46,7.8,361,Moderate
20.6,67.3,7.4,14.1,12.7,2.3,1.09,10.3,484,Good
27.0,46.9,30.1,38.5,20.6,2.7,0.91,11.1,263,Good
25.1,61.9,10.8,17.0,13.3,1.1,0.87,10.7,401,Good
19.6,59.7,10.2,18.3,23.2,0.9,1.03,10.7,238,Good
25.5,48.0,15.5,19.9,18.6,7.7,1.04,10.3,503,Good
32.4,81.8,16.6,30.3,19.3,13.6,1.68,3.8,588,Poor
33.6,74.3,16.1,36.2,40.1,18.0,2.24,3.4,655,Poor
42.2,83.8,9.1,27.4,24.3,5.3,2.39,9.1,619,Poor
32.4,93.5,31.6,45.9,32.9,13.6,2.15,6.6,482,Poor
25.8,56.2,8.5,16.8,29.4,10.3,1.3,5.0,414,Moderate
20.0,79.9,2.0,7.3,15.2,5.1,1.06,10.5,244,Good
22.0,72.9,20.9,25.6,13.4,6.3,1.02,10.9,544,Good
27.6,66.9,47.1,60.3,32.4,14.0,2.2,3.4,426,Poor
23.1,50.9,6.1,9.2,14.0,8.3,0.87,11.0,287,Good
27.7,75.8,0.2,5.2,10.4,4.0,0.93,10.4,505,Good
28.2,71.4,9.2,25.5,34.0,6.2,2.35,3.2,594,Hazardous
34.7,80.3,2.8,10.9,17.2,8.8,1.56,5.2,324,Moderate
37.0,100.4,19.8,34.2,32.7,15.8,2.18,3.9,745,Poor
45.7,76.3,1.1,20.8,23.8,28.2,2.44,3.7,761,Hazardous
33.4,98.5,42.7,57.5,47.9,14.3,2.66,2.6,788,Hazardous
32.0,57.4,61.5,76.9,27.2,16.1,2.4,4.7,422,Poor
27.6,55.9,9.8,17.8,33.7,8.8,1.6,5.2,352,Moderate
26.2,85.9,48.1,60.2,19.8,9.0,1.56,7.1,286,Moderate
36.4,98.8,15.7,18.1,39.1,12.8,1.95,3.4,541,Poor
20.0,65.8,5.6,12.5,11.6,5.5,1.1,13.4,373,Good
33.7,72.7,139.4,159.9,33.1,22.8,2.28,5.6,576,Poor
22.7,67.6,3.7,12.5,20.9,1.1,1.08,11.7,403,Good
37.5,64.7,3.5,18.5,25.1,15.9,1.7,7.2,399,Moderate
34.2,85.7,2.8,11.8,38.3,9.0,1.36,9.2,590,Moderate
27.7,86.1,83.3,93.5,25.3,6.8,1.71,7.4,594,Moderate
29.7,61.4,18.3,31.4,30.6,17.0,1.42,5.2,396,Moderate
23.6,67.4,17.9,28.8,25.6,7.3,1.71,6.2,670,Moderate
27.5,55.1,3.8,14.9,20.3,5.2,1.38,6.3,629,Moderate
25.0,81.3,4.3,7.8,23.1,6.7,1.14,10.1,329,Good
36.2,83.2,64.0,75.6,28.3,12.1,2.28,8.0,732,Poor
25.7,57.0,16.2,21.2,19.2,0.1,1.0,10.8,323,Good
34.9,84.1,1.5,20.1,22.5,2.5,2.15,3.6,646,Poor
32.9,66.9,5.2,8.6,30.6,14.0,1.47,10.5,485,Moderate
42.2,91.6,0.4,11.5,35.9,12.5,2.15,5.9,683,Poor
36.0,70.2,12.5,41.9,30.7,16.0,1.79,4.6,624,Poor
22.9,40.5,3.7,7.3,13.4,0.9,1.12,12.6,246,Good
30.9,57.2,2.0,12.9,29.2,15.2,1.37,6.2,632,Moderate
24.2,43.1,13.7,20.4,15.7,7.6,1.04,11.3,365,Good
27.1,70.2,2.0,6.2,23.0,3.5,1.0,10.1,271,Good
23.5,51.9,5.2,15.0,14.4,0.5,1.41,5.9,475,Moderate
28.7,63.6,4.2,10.2,20.8,3.2,0.92,11.6,487,Good
29.7,82.0,20.8,30.1,26.9,11.6,1.39,7.2,424,Moderate
33.6,99.4,63.4,72.4,29.6,10.8,1.68,5.0,581,Poor
21.9,56.3,16.4,20.3,23.3,9.4,0.84,10.8,271,Good
28.3,70.2,47.1,53.9,28.6,11.5,1.59,7.7,604,Moderate
21.5,59.8,8.6,12.6,20.3,5.5,1.08,10.1,470,Good
34.1,75.9,14.8,31.7,23.5,13.1,1.57,6.6,567,Moderate
27.8,83.6,23.7,37.3,26.1,8.2,1.22,7.4,420,Moderate
26.9,55.9,33.3,36.4,25.6,9.5,1.13,12.5,584,Good
17.5,45.0,21.2,25.9,14.3,5.3,0.78,12.1,492,Good
26.1,78.1,6.2,11.5,13.0,5.3,0.88,15.8,585,Good
26.6,60.6,2.5,6.5,26.9,8.2,1.07,10.6,318,Good
19.1,64.9,2.5,10.5,26.0,6.0,1.08,10.4,368,Good
22.3,51.0,30.9,40.0,17.5,4.5,1.78,6.2,294,Moderate
23.0,40.9,21.6,25.2,21.5,3.4,1.02,14.8,215,Good
41.3,82.5,51.7,59.3,29.5,8.0,1.61,5.3,479,Moderate
31.6,100.3,6.4,21.2,43.5,14.5,1.79,8.1,558,Poor
34.4,65.0,21.5,34.5,24.3,10.3,1.57,8.6,583,Moderate
30.5,81.0,44.5,60.7,33.6,11.2,1.5,6.8,564,Moderate
26.7,70.2,51.1,56.7,32.8,5.4,1.42,6.3,592,Moderate
36.0,89.8,33.0,47.9,26.0,-0.1,1.74,4.3,490,Poor
38.7,98.8,9.1,30.9,40.2,21.0,2.33,2.8,827,Hazardous
56.0,53.6,6.0,21.7,40.5,9.1,2.46,9.0,718,Poor
32.8,62.4,24.0,42.7,32.9,25.0,2.29,6.2,415,Poor
21.9,80.0,1.1,6.0,21.8,11.4,1.77,6.5,642,Moderate
27.7,78.7,1.1,20.5,28.2,9.8,1.53,5.5,449,Moderate
27.3,57.7,4.9,10.6,17.9,1.4,0.92,12.8,397,Good
20.3,77.6,12.1,19.5,18.0,6.1,0.89,14.2,308,Good
34.5,76.9,59.3,71.9,28.4,13.0,1.77,7.7,586,Poor
23.5,43.0,14.6,19.0,23.1,1.7,1.14,12.7,297,Good
33.5,77.4,14.6,23.4,29.4,7.5,1.59,6.1,480,Moderate
26.5,58.1,10.7,15.0,24.3,2.5,0.98,13.0,220,Good
24.4,39.0,3.1,8.9,26.7,5.9,0.86,10.2,317,Good
31.6,54.6,1.0,7.7,18.8,3.2,1.05,11.1,208,Good
25.0,49.7,1.1,5.4,17.9,5.0,1.15,10.5,447,Good
34.3,59.0,24.2,34.2,25.7,16.1,2.02,7.6,545,Moderate
35.9,98.2,11.4,18.9,54.1,32.5,2.71,3.9,560,Hazardous
40.7,64.4,4.0,16.3,30.0,11.1,1.55,6.8,504,Moderate
20.6,80.6,0.3,5.1,22.0,4.6,1.49,7.6,647,Moderate
18.5,54.2,11.8,19.9,12.9,5.5,1.14,10.1,314,Good
19.5,51.5,2.1,9.5,17.0,2.8,0.95,11.9,471,Good
22.6,41.7,5.7,12.1,21.5,6.1,0.85,10.3,407,Good
45.6,82.4,13.1,27.8,24.8,13.8,1.37,5.5,408,Poor
26.5,98.1,41.4,56.1,40.4,6.2,1.85,7.1,430,Poor
35.2,57.6,46.5,59.0,22.3,4.7,1.37,5.3,650,Moderate
40.6,85.2,31.6,44.8,30.5,19.0,2.66,4.5,554,Poor
28.4,86.1,10.8,26.9,26.7,10.8,1.26,5.5,674,Moderate
38.1,73.2,37.7,85.4,33.0,20.4,2.49,5.7,727,Hazardous
30.8,92.2,50.1,67.5,25.3,23.5,2.41,7.0,573,Poor
23.1,100.8,7.4,30.0,28.5,16.3,1.8,7.2,711,Poor
20.9,74.5,1.0,8.1,10.5,1.5,0.9,10.5,278,Good
30.8,88.9,27.8,32.7,31.2,13.5,1.68,5.6,494,Moderate
42.2,87.6,95.7,115.6,42.7,18.7,2.59,6.7,707,Hazardous
32.6,83.8,5.5,13.0,30.8,12.2,1.73,7.2,363,Moderate
31.5,67.4,36.0,49.0,48.1,14.3,2.34,4.2,799,Poor
33.8,68.4,7.2,15.0,18.5,2.6,1.06,11.5,468,Good
25.8,78.8,11.4,19.7,23.1,7.5,0.92,10.6,547,Good
28.4,51.8,8.3,16.6,20.4,2.4,0.98,11.0,549,Good
40.5,106.5,61.9,84.7,37.6,19.6,3.03,4.5,625,Hazardous
24.7,55.9,18.5,23.2,18.6,2.7,0.94,10.5,365,Good
26.4,61.3,3.4,6.2,34.9,24.1,1.74,4.4,672,Poor
37.0,61.2,44.2,56.1,21.1,5.7,1.76,9.8,465,Poor
22.6,74.6,3.4,16.0,17.5,4.9,1.6,6.2,718,Moderate
22.6,40.8,4.6,10.6,20.9,5.7,1.11,12.6,315,Good
27.2,60.6,16.5,23.5,30.5,9.0,1.69,6.6,382,Moderate
26.3,54.1,0.9,10.3,25.1,4.5,0.95,10.1,316,Good
26.7,63.2,6.8,9.3,13.4,4.9,0.98,10.0,358,Good
29.9,94.3,1.6,13.8,31.5,13.9,2.39,3.4,522,Poor
27.9,56.7,0.7,6.0,14.5,5.9,1.1,12.9,275,Good
22.9,57.9,2.7,8.4,22.8,2.9,1.03,12.8,521,Good
26.0,76.0,79.0,83.4,19.6,10.1,1.48,12.6,501,Moderate
56.5,113.5,74.6,93.9,36.9,22.2,2.2,3.6,690,Hazardous
26.1,63.3,11.1,13.7,23.7,4.5,0.89,14.7,450,Good
30.9,90.8,15.0,29.6,29.0,8.3,1.38,10.3,640,Moderate
24.3,61.4,16.6,22.3,13.5,3.7,1.04,10.2,226,Good
29.6,46.2,0.8,4.4,26.8,3.6,1.03,11.9,300,Good
25.1,67.2,16.3,21.1,19.9,7.6,0.83,10.0,471,Good
22.2,81.3,23.1,37.3,32.2,9.1,1.39,5.6,576,Moderate
37.3,70.1,4.6,17.8,34.8,12.0,1.73,3.6,609,Poor
25.4,59.1,16.0,16.6,15.2,6.8,1.04,10.5,439,Good
20.0,48.7,1.9,10.8,24.1,4.0,1.13,10.9,448,Good
21.6,77.6,5.0,10.6,17.6,2.5,0.94,11.0,591,Good
36.7,78.7,31.3,69.8,30.7,21.1,1.95,4.1,749,Poor
24.5,40.6,0.5,4.1,25.4,4.2,1.02,11.7,494,Good
35.2,80.7,67.4,103.4,49.6,9.6,2.47,3.5,681,Hazardous
25.3,62.8,3.3,12.6,19.7,5.4,0.95,13.1,305,Good
25.3,42.3,10.7,13.0,11.9,2.3,1.0,10.2,381,Good
39.0,73.4,34.2,49.8,38.3,19.1,2.36,3.8,765,Hazardous
40.5,76.1,52.1,80.9,35.7,10.5,2.88,7.3,640,Hazardous
19.2,45.1,26.4,28.8,26.8,7.5,0.92,11.3,208,Good
25.6,87.4,23.6,32.3,29.2,3.1,1.59,6.2,582,Moderate
16.1,69.8,14.1,19.9,14.4,9.7,0.98,11.0,498,Good
37.0,60.4,1.3,17.8,32.1,19.7,2.22,4.8,407,Poor
18.5,64.8,8.8,11.5,14.1,5.1,0.89,10.1,428,Good
28.1,96.9,6.9,25.0,25.3,10.8,1.54,5.7,709,Moderate
23.6,49.7,10.3,14.0,17.9,5.5,0.87,10.9,595,Good
40.9,72.9,22.5,43.4,36.6,21.1,2.33,2.7,592,Hazardous
23.6,45.6,7.9,9.2,20.8,6.9,1.19,11.1,521,Good
42.9,80.5,3.8,7.1,24.0,9.4,1.3,6.6,553,Moderate
33.1,80.3,2.6,8.1,29.5,16.8,1.37,5.3,584,Moderate
31.7,61.4,7.9,20.8,27.7,12.6,1.68,7.5,574,Moderate
27.0,46.5,8.3,14.0,20.7,5.5,1.02,15.4,496,Good
43.1,75.5,6.4,14.2,38.8,11.0,2.24,9.0,644,Poor
32.3,72.8,3.4,30.6,42.3,2.8,2.04,4.5,636,Hazardous
45.6,98.3,28.0,43.8,32.1,14.9,2.18,3.2,680,Hazardous
33.9,53.4,18.5,24.7,26.0,9.8,1.96,6.3,605,Moderate
29.0,64.0,8.6,21.6,26.6,8.1,1.53,5.0,647,Moderate
32.8,51.1,8.0,13.4,13.3,4.6,0.93,11.9,410,Good
36.5,86.5,19.9,32.8,33.3,12.4,2.14,4.0,623,Poor
37.1,83.0,22.5,36.4,34.9,16.7,1.97,5.5,464,Poor
24.8,67.9,2.3,8.2,23.9,1.4,1.08,18.8,207,Good
27.6,51.7,16.9,24.5,19.4,6.1,0.81,10.1,306,Good
21.4,49.5,7.6,15.3,22.7,7.8,0.92,12.5,576,Good
22.3,51.5,2.8,8.6,26.9,8.4,0.96,10.5,370,Good
36.4,111.6,35.8,67.0,43.1,8.3,2.32,8.3,813,Hazardous
23.3,90.9,39.8,55.4,30.8,5.5,1.44,5.5,696,Moderate
35.6,95.7,13.9,30.0,37.6,12.1,2.0,12.3,552,Poor
27.7,66.3,12.1,16.9,23.3,6.2,1.06,10.7,287,Good
24.3,66.2,71.6,76.4,14.9,6.0,1.03,11.2,325,Good
25.8,51.5,9.2,12.9,17.5,0.2,1.26,11.8,452,Good
25.3,50.8,7.7,13.4,16.5,3.8,1.15,10.8,338,Good
44.3,87.7,14.0,22.3,37.2,18.2,2.75,4.4,471,Hazardous
24.4,60.7,0.0,4.6,26.6,5.3,0.92,10.2,432,Good
23.7,75.4,8.4,15.0,24.2,2.6,1.01,11.5,275,Good
24.7,46.6,22.0,28.7,14.5,5.4,1.18,11.2,463,Good
26.1,68.6,8.8,14.4,16.9,1.3,1.06,11.3,424,Good
36.2,84.9,42.2,72.0,30.9,23.4,1.98,3.5,619,Hazardous
21.1,47.7,22.5,26.8,18.5,6.1,1.1,12.2,492,Good
36.1,55.2,5.6,17.2,23.0,9.5,1.7,5.7,317,Moderate
40.8,98.7,100.8,114.1,48.7,8.7,2.09,4.4,395,Poor
31.2,83.8,43.8,61.7,20.5,9.2,1.65,7.1,621,Moderate
25.5,51.0,10.2,14.7,14.7,6.1,1.07,11.0,214,Good
32.0,68.1,5.3,10.9,24.9,6.7,0.87,11.9,327,Good
26.2,47.6,16.4,20.2,24.0,9.9,0.85,11.5,506,Good
22.3,75.4,0.7,4.7,23.7,7.3,0.93,11.4,291,Good
32.0,101.4,60.3,78.5,45.4,25.0,3.01,4.3,698,Hazardous
21.3,70.4,11.7,16.8,25.4,0.4,0.84,10.9,486,Good
25.7,50.4,2.5,14.9,33.6,10.5,1.44,7.7,600,Moderate
31.8,86.3,2.6,14.8,38.6,17.7,2.07,3.7,551,Poor
31.7,54.2,16.8,26.0,32.6,11.2,1.76,5.8,514,Moderate
33.6,68.8,19.1,42.3,55.8,9.4,2.42,4.4,663,Hazardous
41.9,96.6,47.7,73.1,54.2,7.8,2.9,2.6,682,Hazardous
26.7,73.0,16.5,20.1,27.1,7.0,0.99,11.2,235,Good
31.1,75.3,1.5,4.9,21.1,2.0,1.14,10.5,337,Good
35.2,80.2,13.2,19.1,36.4,21.5,1.69,4.7,546,Poor
29.6,90.2,40.6,41.3,23.6,5.7,1.36,7.0,304,Moderate
24.2,62.9,15.3,21.3,20.4,4.5,1.08,13.3,317,Good
30.3,88.4,34.6,49.5,25.8,22.5,1.48,3.4,583,Poor
26.8,45.7,2.3,8.2,17.9,5.6,0.88,15.4,440,Good
23.5,74.5,1.7,5.9,25.3,4.9,1.01,12.4,312,Good
25.4,62.6,4.2,7.4,18.3,4.5,1.03,10.5,518,Good
25.5,88.7,10.6,20.0,25.4,10.5,1.5,5.8,364,Moderate
31.3,89.8,19.2,37.7,31.6,36.8,2.72,3.4,532,Hazardous
31.3,46.6,1.4,7.5,21.8,4.4,0.87,10.8,233,Good
24.4,79.0,7.5,10.3,28.1,4.6,1.49,5.7,473,Moderate
26.0,39.5,0.3,9.2,23.1,8.1,0.96,10.5,243,Good
23.1,74.7,26.7,33.8,24.4,12.6,1.63,5.2,619,Moderate
25.2,52.1,1.6,4.8,21.1,4.6,1.1,11.7,230,Good
25.9,78.2,14.2,22.1,34.8,7.8,1.63,9.6,379,Moderate
24.6,46.5,2.7,9.2,18.4,3.8,1.09,10.2,296,Good
26.2,65.8,12.5,16.9,14.7,3.5,0.92,12.0,432,Good
29.1,41.5,0.9,4.8,18.7,3.4,1.02,12.6,337,Good
27.6,51.2,7.0,14.8,19.6,6.1,0.98,18.2,315,Good
21.6,43.7,6.0,8.5,26.7,4.2,1.07,12.2,275,Good
19.7,50.7,4.4,9.0,10.4,5.6,0.8,17.4,383,Good
23.8,54.2,2.6,5.1,18.7,6.8,1.12,12.2,351,Good
26.9,81.9,28.0,40.2,23.5,8.7,1.41,5.9,379,Moderate
38.8,83.1,25.9,30.6,32.1,17.5,2.58,4.9,638,Poor
36.2,80.6,13.9,22.0,28.7,13.3,1.56,7.5,483,Moderate
36.6,93.3,46.6,54.0,29.8,19.6,2.12,4.7,624,Poor
30.1,49.0,7.7,14.5,20.2,7.6,0.98,11.0,465,Good
22.9,86.5,1.4,6.6,25.5,10.1,1.45,5.1,458,Moderate
32.0,69.7,95.7,110.4,36.1,20.5,2.3,6.8,673,Poor
34.2,61.2,8.9,19.0,24.6,12.6,1.41,5.1,553,Moderate
37.5,95.7,6.1,28.0,32.9,20.7,1.73,8.9,802,Poor
28.0,48.6,6.1,11.1,19.9,2.8,1.0,10.8,390,Good
22.5,65.5,0.8,8.2,13.3,4.7,1.07,10.3,526,Good
30.3,92.2,9.2,14.4,37.5,16.1,2.22,5.2,652,Poor
34.4,95.1,5.1,17.4,20.9,10.0,2.06,3.7,689,Poor
36.3,59.6,30.8,35.6,41.4,10.7,1.95,3.7,617,Poor
31.0,59.6,5.0,16.8,24.2,13.6,1.38,6.3,443,Moderate
25.0,87.3,49.8,70.3,35.2,15.4,2.85,4.7,680,Hazardous
27.2,55.1,16.5,23.0,24.2,4.8,0.8,12.9,303,Good
20.2,58.0,2.8,5.5,17.2,1.8,1.01,13.3,312,Good
29.3,75.2,14.7,27.1,27.9,11.5,1.56,5.3,428,Moderate
27.8,78.1,1.1,19.8,26.7,10.7,1.28,9.3,376,Moderate
23.7,62.5,3.6,8.4,20.1,2.5,0.94,10.3,314,Good
40.0,75.6,16.8,35.2,34.9,14.2,2.09,6.5,591,Poor
26.4,74.5,23.1,25.7,15.3,5.8,1.03,10.2,239,Good
40.4,65.1,33.1,55.6,35.3,17.9,1.82,5.3,440,Poor
29.6,53.4,2.6,9.9,22.2,4.6,1.09,13.7,297,Good
42.1,87.0,83.5,97.7,42.5,5.3,2.18,11.6,712,Poor
17.8,57.7,1.2,6.8,27.1,3.0,0.95,10.9,453,Good
42.9,94.8,37.2,58.6,25.6,12.3,1.95,6.7,490,Poor
46.9,76.6,20.5,34.6,39.5,20.6,2.75,4.0,667,Hazardous
28.6,65.9,0.9,4.4,13.1,5.9,1.03,11.7,446,Good
47.0,95.9,4.5,19.7,40.4,8.7,2.69,3.2,739,Hazardous
34.6,68.4,56.8,72.9,32.9,7.8,1.51,6.0,702,Poor
33.4,69.8,5.8,14.5,38.2,8.4,1.66,12.0,444,Poor
39.1,79.9,7.9,19.7,34.6,10.7,1.71,5.5,609,Moderate
24.5,44.7,12.9,16.0,16.1,1.0,0.99,12.9,268,Good
24.9,57.7,0.9,4.9,18.0,6.1,1.25,11.9,302,Good
37.8,84.0,14.8,21.3,27.1,19.9,1.8,4.0,688,Poor
32.4,62.2,39.6,52.6,28.7,15.8,1.33,6.1,463,Moderate
18.0,43.2,5.4,10.0,16.4,2.2,1.07,14.5,571,Good
36.4,97.3,10.8,33.1,38.8,13.1,2.07,4.1,556,Poor
22.1,59.3,46.8,60.0,22.3,13.2,1.46,5.5,490,Moderate
